四日市,三重県,159,276,136.4563,34.9849,Yokkaichi,Mie Prefecture
大山田,三重県,156,282,136.2835,34.7662,Oyamada,Mie Prefecture
嬉野,三重県,158,287,136.3692,34.547,Ureshino,Mie Prefecture
宮川,三重県,157,292,136.3293,34.358,Miyagawa,Mie Prefecture
尾鷲,三重県,154,299,136.1689,34.0637,Owase,Mie Prefecture
度会,三重県,162,292,136.5866,34.3532,Watarai,Mie Prefecture
志摩,三重県,167,294,136.8216,34.2544,Shima,Mie Prefecture
松阪,三重県,160,287,136.5033,34.5424,Matsusaka,Mie Prefecture
紀宝,三重県,150,306,135.9969,33.7644,Kiho,Mie Prefecture
芸濃,三重県,159,280,136.4245,34.8224,Geino,Mie Prefecture
久御山,京都府,145,278,135.7461,34.8983,Kumiyama,Kyoto
亀岡,京都府,140,275,135.4846,35.0469,Kameoka,Kyoto
京都,京都府,145,276,135.7304,35.0094,Kyoto,Kyoto
伊根,京都府,135,258,135.2496,35.7101,Ine,Kyoto
福知山,京都府,132,268,135.1334,35.313,Fukuchiyama,Kyoto
網野,京都府,130,259,135.0268,35.6814,Amino,Kyoto
美山,京都府,141,269,135.5508,35.2685,Miyama,Kyoto
野田川,京都府,132,263,135.1243,35.5243,Nodagawa,Kyoto
伊万里,佐賀県,26,318,129.8798,33.2656,Imari,Saga Prefecture
富士,佐賀県,33,315,130.2329,33.4098,Fuji,Saga Prefecture
東脊振,佐賀県,36,316,130.4046,33.3654,Higashisefuri,Saga Prefecture
白石,佐賀県,30,320,130.1046,33.1806,Shiraishi,Saga Prefecture
鎮西,佐賀県,26,312,129.8877,33.508,Chinzei,Saga Prefecture
三原,兵庫県,126,293,134.7941,34.2937,Mihara,Hyogo prefecture
上郡,兵庫県,116,278,134.3284,34.8995,Kamigori,Hyogo prefecture
出石,兵庫県,127,265,134.8621,35.4574,Izushi,Hyogo prefecture
加古川,兵庫県,126,280,134.8078,34.8164,Kakogawa,Hyogo prefecture
加美,兵庫県,128,273,134.9036,35.101,Kami,Hyogo prefecture
南光,兵庫県,118,274,134.4234,35.0671,Nanko,Hyogo prefecture
夢前,兵庫県,123,275,134.6701,35.0322,Yumesaki,Hyogo prefecture
山東,兵庫県,128,269,134.9071,35.2925,Shandong,Hyogo prefecture
新宮,兵庫県,120,277,134.5423,34.9313,Shingu,Hyogo prefecture
村岡,兵庫県,121,264,134.5953,35.4697,Muraoka,Hyogo prefecture
東条,兵庫県,131,278,135.0844,34.9082,Tojo,Hyogo prefecture
波賀,兵庫県,120,270,134.5237,35.2193,Haga,Hyogo prefecture
相生,兵庫県,119,281,134.4792,34.7935,Aioi,Hyogo prefecture
篠山,兵庫県,135,274,135.2811,35.0708,Sasayama,Hyogo prefecture
香住,兵庫県,123,261,134.6566,35.6208,Kasumi,Hyogo prefecture
三笠,北海道,270,74,141.8978,43.23,Mikasa,Hokkaido
上川,北海道,288,59,142.7656,43.8546,Kamikawa,Hokkaido
上磯,北海道,244,108,140.6331,41.8374,Kamiiso,Hokkaido
下川東,北海道,288,47,142.7656,44.3207,Shimokawahigashi,Hokkaido
下川西,北海道,285,48,142.6303,44.2921,Shimokawanishi,Hokkaido
中富良野,北海道,283,70,142.5245,43.3841,Nakafurano,Hokkaido
中川,北海道,273,39,142.0528,44.6617,Nakagawa,Hokkaido
中標津,北海道,333,66,144.9665,43.5508,Nakashibetsu,Hokkaido
中頓別,北海道,277,32,142.2247,44.9387,Nakatombetsu,Hokkaido
佐呂間,北海道,312,53,143.9455,44.0813,Saroma,Hokkaido
倶知安,北海道,248,81,140.8223,42.95,Kutchan,Hokkaido
共和,北海道,244,80,140.6219,42.9758,Kyowa,Hokkaido
別海東,北海道,336,70,145.1224,43.3978,Bekkai East,Hokkaido
別海西,北海道,329,70,144.8021,43.39,Betsukai west,Hokkaido
北檜山,北海道,231,92,139.9678,42.4851,Kitahiyama,Hokkaido
千歳,北海道,265,82,141.6399,42.888,Chitose,Hokkaido
占冠,北海道,285,78,142.6562,43.0406,Shimukappu,Hokkaido
厚沢部,北海道,238,104,140.3087,41.9856,Assabu,Hokkaido
厚真,北海道,269,88,141.8641,42.6486,Atsuma,Hokkaido
古平,北海道,244,74,140.6228,43.2341,Furubira,Hokkaido
名寄,北海道,280,44,142.4056,44.4376,Nayoro,Hokkaido
和寒,北海道,278,56,142.2834,43.9754,Wassamu,Hokkaido
喜茂別,北海道,251,85,140.9766,42.768,Kimobetsu,Hokkaido
夕張,北海道,272,80,142.0085,42.993,Yubari,Hokkaido
大樹,北海道,296,92,143.152,42.4865,Taiki,Hokkaido
大滝,北海道,253,88,141.0643,42.6476,Otaki,Hokkaido
天塩,北海道,271,33,141.9251,44.8948,Teshio,Hokkaido
女満別,北海道,317,57,144.1913,43.9144,Memanbetsu,Hokkaido
室蘭,北海道,252,94,141.0017,42.4116,Muroran,Hokkaido
富良野,北海道,279,70,142.3409,43.3697,Furano,Hokkaido
小平東,北海道,271,53,141.9621,44.0974,Kodaira Higashi,Hokkaido
小平西,北海道,268,54,141.7876,44.0254,Kodaira Nishi,Hokkaido
小清水,北海道,322,58,144.4574,43.8566,Koshimizu,Hokkaido
島牧,北海道,235,85,140.1557,42.7797,Shimamaki,Hokkaido
幌加内中,北海道,275,52,142.1414,44.116,Horokanai,Hokkaido
幌加内北,北海道,275,48,142.1594,44.2803,Horokanai North,Hokkaido
幌加内南,北海道,275,55,142.1258,43.9994,Horokanai South,Hokkaido
幌延,北海道,274,30,142.0795,45.0167,Horonobe,Hokkaido
平取東,北海道,280,87,142.4054,42.7061,Biratori Higashi,Hokkaido
平取西,北海道,277,87,142.2296,42.7031,Biratori west,Hokkaido
当別,北海道,264,69,141.5836,43.4087,Tobetsu,Hokkaido
斜里北,北海道,333,53,144.9935,44.064,Shari north,Hokkaido
斜里南,北海道,329,57,144.8071,43.9269,Shari Minami,Hokkaido
新冠,北海道,283,89,142.5446,42.5977,Niikappu,Hokkaido
新得北,北海道,291,71,142.9448,43.3337,Shintoku Kita,Hokkaido
新得南,北海道,291,75,142.9176,43.1739,Shintoku South,Hokkaido
新篠津,北海道,265,74,141.6523,43.2204,Shinshinotsu,Hokkaido
本別,北海道,305,77,143.6181,43.1211,Hombetsu,Hokkaido
栗山,北海道,268,78,141.8063,43.0587,Kuriyama,Hokkaido
様似,北海道,291,101,142.9164,42.133,Samani,Hokkaido
標津北,北海道,334,60,145.0246,43.785,Shibetsu North,Hokkaido
標津南,北海道,332,63,144.9618,43.6772,Shibetsu South,Hokkaido
標茶北,北海道,326,70,144.6279,43.3848,Shibecha North,Hokkaido
標茶南,北海道,327,74,144.6804,43.2139,Shibecha South,Hokkaido
歌登北,北海道,282,34,142.4868,44.857,Utanobori,Hokkaido
歌登南,北海道,284,37,142.6039,44.7433,Utanobori,Hokkaido
沼田,北海道,271,59,141.9397,43.8203,Numata,Hokkaido
泊,北海道,242,78,140.5017,43.0527,Night,Hokkaido
浜中,北海道,336,74,145.1168,43.2084,Hamanaka,Hokkaido
浜頓別,北海道,281,28,142.4307,45.1001,Hamatombetsu,Hokkaido
深川北,北海道,275,59,142.1594,43.8243,Fukagawa North,Hokkaido
深川南,北海道,274,62,142.0776,43.6948,Fukagawa South,Hokkaido
清水,北海道,290,83,142.883,42.8742,Shimizu,Hokkaido
湧別北,北海道,305,50,143.6202,44.2146,Yubetsu North,Hokkaido
滝上北,北海道,294,50,143.0767,44.192,Takinoue north,Hokkaido
滝上南,北海道,293,52,143.0111,44.1146,Takinoue South,Hokkaido
熊石,北海道,232,101,140.004,42.1344,Kumaishi,Hokkaido
猿払北,北海道,275,22,142.1185,45.3346,Sarufutsu North,Hokkaido
猿払南,北海道,277,25,142.2254,45.2163,Sarufutsu South,Hokkaido
留辺蘂,北海道,302,61,143.4514,43.7419,Rubeshibe,Hokkaido
白滝,北海道,294,59,143.0861,43.8494,Shirataki,Hokkaido
白糠北,北海道,311,76,143.8936,43.1603,Shiranuka North,Hokkaido
白糠南,北海道,313,80,143.9841,42.9856,Shiranuka South,Hokkaido
白老,北海道,259,90,141.3497,42.5629,Shiraoi,Hokkaido
真狩,北海道,248,85,140.8084,42.763,Makkari,Hokkaido
知内,北海道,240,114,140.4207,41.5977,Shiriuchi,Hokkaido
砂川,北海道,270,67,141.909,43.5138,Sunagawa,Hokkaido
稚内北,北海道,270,18,141.885,45.4883,Wakkanai north,Hokkaido
稚内東,北海道,270,25,141.8806,45.2303,Wakkanai Higashi,Hokkaido
稚内西,北海道,265,24,141.6334,45.2531,Wakkanai West,Hokkaido
穂別,北海道,275,83,142.1285,42.8714,Hobetsu,Hokkaido
置戸東,北海道,303,64,143.51,43.6352,Oketo Higashi,Hokkaido
美幌,北海道,317,62,144.1835,43.7228,Bihoro,Hokkaido
美深北,北海道,278,40,142.3036,44.5973,Bifuka Kita,Hokkaido
美深東,北海道,284,41,142.5736,44.5509,Bifuka East,Hokkaido
美深西,北海道,278,43,142.2725,44.4732,Bifuka west,Hokkaido
美瑛東,北海道,284,67,142.6006,43.5038,Biei Higashi,Hokkaido
美瑛西,北海道,280,67,142.3906,43.5113,Biei West,Hokkaido
興部東,北海道,297,46,143.2407,44.3843,Okoppe East,Hokkaido
興部西,北海道,293,45,143.0264,44.4234,Okoppe West,Hokkaido
芽室,北海道,294,82,143.0603,42.892,Memuro,Hokkaido
蘭越,北海道,241,84,140.4831,42.8309,Rankoshi,Hokkaido
豊富,北海道,268,28,141.7834,45.1019,Abundant,Hokkaido
豊浦,北海道,245,88,140.665,42.6415,Toyoura,Hokkaido
豊頃,北海道,303,84,143.5203,42.8114,Toyokoro,Hokkaido
赤井川,北海道,248,77,140.8199,43.0842,Akaigawa,Hokkaido
足寄東,北海道,311,70,143.8983,43.3822,Ashoro East,Hokkaido
足寄西,北海道,301,73,143.4317,43.2708,Ashoro Nishi,Hokkaido
追分,北海道,268,83,141.8191,42.8739,Oiwake,Hokkaido
遠別,北海道,268,39,141.8187,44.6359,Embetsu,Hokkaido
門別東,北海道,279,89,142.3521,42.5934,Monbetsu East,Hokkaido
門別西,北海道,273,91,142.0381,42.5126,Monbetsu West,Hokkaido
阿寒北,北海道,315,69,144.0844,43.4361,Akan north,Hokkaido
阿寒南,北海道,315,77,144.123,43.1142,Akan South,Hokkaido
陸別,北海道,306,68,143.683,43.4683,Rikubetsu,Hokkaido
雄武,北海道,289,42,142.8444,44.5276,Omu,Hokkaido
静内,北海道,279,95,142.3572,42.3498,Shizunai,Hokkaido
音威子府,北海道,277,36,142.2542,44.7745,Otoineppu,Hokkaido
鶴居南,北海道,320,76,144.3274,43.1359,Tsuruiminami,Hokkaido
鶴居東,北海道,322,74,144.4285,43.22,Tsurui Higashi,Hokkaido
鶴居西,北海道,318,73,144.2338,43.2556,Tsuruinishi,Hokkaido
黒松内,北海道,241,89,140.4841,42.6104,Kuromatsunai,Hokkaido
下総,千葉県,232,256,140.0206,35.7966,Shimosa,Chiba prefecture
勝浦東,千葉県,238,272,140.3398,35.1714,Katsuura Higashi,Chiba prefecture
匝瑳,千葉県,242,258,140.5046,35.7215,Sosa,Chiba prefecture
千葉,千葉県,236,262,140.2417,35.5458,Chiba,Chiba prefecture
富津,千葉県,229,267,139.8554,35.3445,Futtsu,Chiba prefecture
成田,千葉県,238,255,140.298,35.8307,Narita,Chiba prefecture
蓮沼,千葉県,242,261,140.5107,35.5943,Hasunuma,Chiba prefecture
銚子中,千葉県,248,258,140.823,35.7342,In Choshi,Chiba prefecture
養老,千葉県,235,269,140.1529,35.2867,Yoro,Chiba prefecture
館山西,千葉県,227,277,139.7885,34.9591,Tateyama Nishi,Chiba prefecture
鴨川,千葉県,231,272,139.9649,35.1384,Kamogawa,Chiba prefecture
鴨川南,千葉県,233,274,140.0997,35.0882,Kamogawa South,Chiba prefecture
すさみ,和歌山県,141,311,135.5454,33.5559,Susami,Wakayama Prefecture
上富田,和歌山県,139,308,135.4396,33.6894,Kamitonda,Wakayama Prefecture
印南,和歌山県,134,305,135.2172,33.8248,Inami,Wakayama Prefecture
和歌山,和歌山県,131,293,135.0714,34.2868,Wakayama,Wakayama Prefecture
大塔,和歌山県,142,308,135.5953,33.6948,Great tower,Wakayama Prefecture
広川,和歌山県,134,301,135.2122,33.9804,Hirokawa,Wakayama Prefecture
花園,和歌山県,141,297,135.5369,34.1373,Flower garden,Wakayama Prefecture
那智勝浦,和歌山県,147,310,135.8619,33.6072,Nachikatsuura,Wakayama Prefecture
那賀,和歌山県,139,292,135.4483,34.3228,Naga,Wakayama Prefecture
野上,和歌山県,136,297,135.3244,34.1314,Nogami,Wakayama Prefecture
名栗,埼玉県,214,253,139.1485,35.9118,Naguri,Saitama
小鹿野,埼玉県,210,251,138.9691,36.0274,Ogano,Saitama
岩槻,埼玉県,226,253,139.7349,35.929,Iwatsuki,Saitama
川本,埼玉県,217,248,139.2894,36.1131,Kawamoto,Saitama
所沢,埼玉県,222,256,139.5353,35.8028,Tokorozawa,Saitama
日高,埼玉県,219,254,139.3843,35.899,Hidaka,Saitama
皆野,埼玉県,213,250,139.0993,36.0715,Minano,Saitama
神泉,埼玉県,212,248,139.0504,36.1509,Shinsen,Saitama
都幾川,埼玉県,216,251,139.2191,35.9964,Toki River,Saitama
飯能,埼玉県,217,255,139.2726,35.8637,Hanno,Saitama
三重,大分県,60,325,131.5881,32.987,Triple,Oita Prefecture
九重,大分県,53,318,131.2118,33.2844,Kokonoe,Oita Prefecture
佐伯,大分県,66,327,131.8695,32.9278,Saiki,Oita Prefecture
宇目東,大分県,62,329,131.6786,32.8486,Ume Higashi,Oita Prefecture
宇目西,大分県,59,329,131.5357,32.8392,Umenishi,Oita Prefecture
安岐,大分県,62,313,131.6856,33.4736,Aki,Oita Prefecture
山国,大分県,49,315,131.0326,33.4122,Mountain country,Oita Prefecture
山香,大分県,57,314,131.4429,33.4581,Yamaga,Oita Prefecture
庄内,大分県,55,322,131.3473,33.1306,Shonai,Oita Prefecture
竹田,大分県,56,326,131.3984,32.9726,Takeda,Oita Prefecture
野津原,大分県,59,321,131.542,33.1525,Notsuharu,Oita Prefecture
交野,大阪府,144,282,135.7052,34.763,Katano,Osaka
大阪,大阪府,140,283,135.5199,34.7159,Osaka,Osaka
太子,大阪府,143,287,135.6608,34.5248,Prince,Osaka
此花,大阪府,138,284,135.3896,34.6628,Konohana,Osaka
田尻,大阪府,135,291,135.2836,34.3977,Tajiri,Osaka
十津川東,奈良県,147,301,135.8574,33.9692,Totsukawa East,Nara Prefecture
十津川西,奈良県,143,301,135.6489,33.9666,Totsukawa west,Nara Prefecture
天理,奈良県,147,286,135.8541,34.5843,Tenri,Nara Prefecture
山添,奈良県,151,285,136.0512,34.6413,Yamazoe,Nara Prefecture
川上,奈良県,150,293,136.0022,34.2925,Kawakami,Nara Prefecture
東吉野,奈良県,151,290,136.0294,34.4237,Higashiyoshino,Nara Prefecture
黒滝,奈良県,147,293,135.8369,34.3061,Kurotaki,Nara Prefecture
仙台,宮城県,252,196,140.9969,38.24,Sendai,Miyagi Prefecture
利府,宮城県,251,194,140.9551,38.34,Rifu,Miyagi Prefecture
南三陸,宮城県,260,185,141.4176,38.6993,Minamisanriku,Miyagi Prefecture
唐桑,宮城県,265,180,141.6377,38.9207,Karakuwa,Miyagi Prefecture
小野田,宮城県,247,188,140.7804,38.5793,Onoda,Miyagi Prefecture
山元,宮城県,250,204,140.8924,37.9411,Yamamoto,Miyagi Prefecture
岩沼,宮城県,249,199,140.8441,38.1133,Iwanuma,Miyagi Prefecture
川崎,宮城県,244,198,140.6405,38.1802,Kawasaki,Miyagi Prefecture
志津川,宮城県,261,186,141.4428,38.6416,Shizugawa,Miyagi Prefecture
東和,宮城県,258,183,141.3254,38.786,Towa,Miyagi Prefecture
河北,宮城県,259,190,141.3421,38.5158,Kahoku,Miyagi Prefecture
田尻,宮城県,253,188,141.071,38.5907,Tajiri,Miyagi Prefecture
白石,宮城県,244,202,140.6027,38.0091,Shiraishi,Miyagi Prefecture
鳴子,宮城県,245,181,140.6513,38.8587,Naruko,Miyagi Prefecture
五ヶ瀬,宮崎県,53,333,131.2257,32.6536,Gokase,Miyazaki prefecture
佐土原,宮崎県,58,349,131.47,32.0208,Sadowara,Miyazaki prefecture
北川,宮崎県,62,332,131.6829,32.6972,Kitagawa,Miyazaki prefecture
南郷,宮崎県,54,341,131.2668,32.347,Nango,Miyazaki prefecture
国富,宮崎県,54,349,131.29,32.0215,national wealth,Miyazaki prefecture
川南,宮崎県,59,344,131.5309,32.2132,Kawaminami,Miyazaki prefecture
延岡,宮崎県,62,337,131.6958,32.506,Nobeoka,Miyazaki prefecture
日南,宮崎県,55,360,131.351,31.5649,Nichinan,Miyazaki prefecture
日向,宮崎県,60,340,131.5893,32.3654,Hinata,Miyazaki prefecture
東郷,宮崎県,58,341,131.4643,32.3607,Togo,Miyazaki prefecture
椎葉,宮崎県,50,338,131.1043,32.4754,Shiiba,Miyazaki prefecture
西米良,宮崎県,52,345,131.1946,32.1987,Nishimera,Miyazaki prefecture
諸塚,宮崎県,55,337,131.3349,32.5181,Morotsuka,Miyazaki prefecture
都城北,宮崎県,47,353,130.9454,31.8643,Miyakonojo Kita,Miyazaki prefecture
都城南,宮崎県,50,356,131.0791,31.7301,Miyakojo Minami,Miyazaki prefecture
須木,宮崎県,50,348,131.0618,32.0421,Suki,Miyazaki prefecture
井波,富山県,170,237,136.9584,36.5736,Inami,Toyama Prefecture
八尾,富山県,174,237,137.1595,36.5711,Yao,Toyama Prefecture
利賀,富山県,171,240,137.0392,36.4406,Toga,Toyama Prefecture
大門,富山県,171,234,137.0378,36.7142,Daimon,Toyama Prefecture
富山,富山県,176,233,137.2627,36.7294,Toyama,Toyama Prefecture
氷見,富山県,169,230,136.9276,36.8866,Himi,Toyama Prefecture
魚津,富山県,180,232,137.4689,36.7914,Uozu,Toyama Prefecture
むつみ,山口県,61,288,131.6329,34.4837,Mutsumi,Yamaguchi Prefecture
上関,山口県,71,305,132.104,33.826,Kaminoseki,Yamaguchi Prefecture
周東,山口県,70,300,132.0626,34.027,Shuto,Yamaguchi Prefecture
宇部,山口県,54,301,131.3012,33.9893,Ube,Yamaguchi Prefecture
岩国,山口県,71,296,132.126,34.1891,Iwakuni,Yamaguchi Prefecture
徳地,山口県,62,295,131.6859,34.2091,Tokuji,Yamaguchi Prefecture
徳山,山口県,65,301,131.8149,33.9725,Tokuyama,Yamaguchi Prefecture
東和,山口県,77,302,132.4046,33.9291,Towa,Yamaguchi Prefecture
田万川,山口県,62,285,131.6681,34.6257,Tamagawa,Yamaguchi Prefecture
美川,山口県,69,295,131.9943,34.1974,Mikawa,Yamaguchi Prefecture
美東,山口県,56,295,131.3597,34.2176,Mito,Yamaguchi Prefecture
美祢,山口県,51,298,131.1434,34.1111,Mine,Yamaguchi Prefecture
菊川,山口県,49,298,131.0506,34.1149,Kikukawa,Yamaguchi Prefecture
萩,山口県,56,291,131.3774,34.3979,Hagi,Yamaguchi Prefecture
豊浦,山口県,47,297,130.9323,34.1349,Toyoura,Yamaguchi Prefecture
長門,山口県,52,292,131.177,34.3408,Nagato,Yamaguchi Prefecture
防府,山口県,60,299,131.5618,34.0494,Hofu,Yamaguchi Prefecture
上山,山形県,238,200,140.2978,38.0813,Kaminoyama,Yamagata Prefecture
八幡,山形県,232,178,140.0333,38.9701,Yawata,Yamagata Prefecture
南陽,山形県,235,200,140.1553,38.1035,Nanyo,Yamagata Prefecture
天童,山形県,239,193,140.3805,38.3841,Tendo,Yamagata Prefecture
小国,山形県,227,202,139.8017,37.9883,Small country,Yamagata Prefecture
山形,山形県,237,196,140.2583,38.2693,Yamagata,Yamagata Prefecture
戸沢,山形県,235,184,140.178,38.7498,Tozawa,Yamagata Prefecture
最上,山形県,243,185,140.5544,38.7132,Mogami,Yamagata Prefecture
朝日,山形県,227,191,139.7606,38.4704,Asahi,Yamagata Prefecture
立川,山形県,232,187,140.0055,38.6357,Tachikawa,Yamagata Prefecture
米沢,山形県,232,205,140.0278,37.896,Yonezawa,Yamagata Prefecture
舟形,山形県,239,185,140.3744,38.7107,Funagata,Yamagata Prefecture
西川東,山形県,234,192,140.1249,38.4257,Nishikawa Higashi,Yamagata Prefecture
西川西,山形県,231,193,139.9916,38.386,Nishikawa west,Yamagata Prefecture
高畠,山形県,235,203,140.1836,37.9633,Takahata,Yamagata Prefecture
上九一色,山梨県,203,263,138.6045,35.5323,Kamikuishiki,Yamanashi Prefecture
増穂,山梨県,200,262,138.449,35.5623,Masuho,Yamanashi Prefecture
大月,山梨県,211,260,138.9777,35.6247,Otsuki,Yamanashi Prefecture
早川,山梨県,198,265,138.3325,35.4327,Hayakawa,Yamanashi Prefecture
早川北,山梨県,197,263,138.3087,35.5351,Hayakawa Kita,Yamanashi Prefecture
甲府2,山梨県,202,258,138.5653,35.7421,Kofu 2,Yamanashi Prefecture
西野原,山梨県,206,259,138.734,35.6895,Nishinohara,Yamanashi Prefecture
身延,山梨県,199,267,138.4203,35.3509,Minobu,Yamanashi Prefecture
都留南,山梨県,210,263,138.9675,35.5115,Tsuru South,Yamanashi Prefecture
上宝,岐阜県,181,245,137.5174,36.2493,Kamitakara,Gifu Prefecture
上石津,岐阜県,160,269,136.4732,35.2953,Kamiishizu,Gifu Prefecture
下呂北,岐阜県,176,256,137.2531,35.7991,Gero Kita,Gifu Prefecture
中津川,岐阜県,180,265,137.4706,35.4571,Nakatsugawa,Gifu Prefecture
八百津,岐阜県,175,264,137.2464,35.4865,Yaotsu,Gifu Prefecture
古川,岐阜県,174,245,137.1983,36.2448,Furukawa,Gifu Prefecture
各務原,岐阜県,168,266,136.8764,35.4121,Kakamigahara,Gifu Prefecture
坂内,岐阜県,158,261,136.4134,35.6033,Sakauchi,Gifu Prefecture
大和,岐阜県,170,255,136.9621,35.8323,Yamato,Gifu Prefecture
春日,岐阜県,159,266,136.4347,35.4179,Kasuga,Gifu Prefecture
朝日北,岐阜県,177,249,137.3438,36.094,Asahi Kita,Gifu Prefecture
朝日南,岐阜県,178,251,137.3906,36.0216,Asahi South,Gifu Prefecture
東白川,岐阜県,177,260,137.3187,35.6401,Higashishirakawa,Gifu Prefecture
板取,岐阜県,166,258,136.7847,35.7235,Itatori,Gifu Prefecture
根尾,岐阜県,163,260,136.6134,35.6325,Neo,Gifu Prefecture
白川,岐阜県,168,245,136.8979,36.2743,Shirakawa,Gifu Prefecture
神岡,岐阜県,178,242,137.3716,36.3779,Kamioka,Gifu Prefecture
美並,岐阜県,170,259,136.9618,35.6665,Minami,Gifu Prefecture
美濃加茂,岐阜県,170,265,137.004,35.4527,Minokamo,Gifu Prefecture
羽島,岐阜県,164,269,136.7002,35.2768,Hashima,Gifu Prefecture
荘川,岐阜県,169,250,136.9479,36.0654,Shokawa,Gifu Prefecture
谷汲,岐阜県,163,263,136.6127,35.5214,Kegonji Temple,Gifu Prefecture
金山,岐阜県,173,259,137.1054,35.6682,Kanayama,Gifu Prefecture
馬瀬,岐阜県,173,254,137.1495,35.8991,Maze,Gifu Prefecture
高富,岐阜県,166,263,136.7939,35.5038,Takatomi,Gifu Prefecture
高山,岐阜県,175,248,137.2208,36.1338,Takayama,Gifu Prefecture
高鷲,岐阜県,168,252,136.8732,35.9514,Takasu,Gifu Prefecture
上斎原,岡山県,108,269,133.9263,35.2826,Kamisaibara,Okayama Prefecture
勝央,岡山県,112,274,134.1162,35.0732,Shoo,Okayama Prefecture
北房,岡山県,102,277,133.6205,34.9363,Hokubo,Okayama Prefecture
哲多,岡山県,97,278,133.4055,34.9103,Tetta,Okayama Prefecture
大原,岡山県,116,273,134.319,35.0999,Ohara,Okayama Prefecture
岡山,岡山県,105,281,133.789,34.7783,Okayama,Okayama Prefecture
建部,岡山県,106,279,133.8527,34.8684,Takebe,Okayama Prefecture
日生,岡山県,115,282,134.2744,34.7283,Nissei,Okayama Prefecture
湯原,岡山県,103,271,133.6765,35.1809,Yubara,Okayama Prefecture
瀬戸,岡山県,111,282,134.0702,34.7501,Seto,Okayama Prefecture
玉野,岡山県,107,288,133.8905,34.507,Tamano,Okayama Prefecture
真備,岡山県,103,285,133.6861,34.6429,Mabi,Okayama Prefecture
神郷,岡山県,95,275,133.3169,35.0493,Kamigo,Okayama Prefecture
美星,岡山県,100,284,133.5283,34.6756,Bisei,Okayama Prefecture
一戸,岩手県,256,151,141.1915,40.0811,Ichinohe,Iwate Prefecture
一関東,岩手県,252,178,141.0013,38.969,Ichi Kanto,Iwate Prefecture
一関西,岩手県,249,177,140.8638,39.0092,Ichi Kansai,Iwate Prefecture
一関西2,岩手県,249,177,140.864,39.0094,Ichi Kansai 2,Iwate Prefecture
久慈北,岩手県,268,147,141.7831,40.2686,Kuji Kita,Iwate Prefecture
久慈南,岩手県,266,151,141.712,40.0861,Kuji Minami,Iwate Prefecture
九戸,岩手県,260,149,141.4245,40.1533,Kunohe,Iwate Prefecture
二戸東,岩手県,259,147,141.3423,40.2383,Ninohe East,Iwate Prefecture
二戸西,岩手県,255,147,141.1709,40.2611,Ninohe West,Iwate Prefecture
住田,岩手県,260,173,141.3909,39.1809,Sumita,Iwate Prefecture
安代,岩手県,251,150,140.9529,40.1391,Ashiro,Iwate Prefecture
山田,岩手県,271,166,141.9336,39.4734,Yamada,Iwate Prefecture
岩泉,岩手県,265,158,141.652,39.802,Iwaizumi,Iwate Prefecture
川井北,岩手県,264,162,141.5977,39.6442,Kawai Kita,Iwate Prefecture
川井南,岩手県,266,166,141.6775,39.463,Kawai Minami,Iwate Prefecture
東和,岩手県,258,169,141.3015,39.334,Towa,Iwate Prefecture
玉山,岩手県,260,157,141.3826,39.825,Yushan,Iwate Prefecture
田老,岩手県,270,159,141.9087,39.7435,Taro,Iwate Prefecture
矢巾,岩手県,254,163,141.0929,39.6148,Yahaba,Iwate Prefecture
花巻北,岩手県,252,166,141.0001,39.4559,Hanamaki north,Iwate Prefecture
花巻南,岩手県,253,169,141.0473,39.3434,Hanamaki Minami,Iwate Prefecture
葛巻,岩手県,263,155,141.5492,39.9398,Kuzumaki,Iwate Prefecture
藤沢,岩手県,259,181,141.3512,38.8654,Fujisawa,Iwate Prefecture
軽米,岩手県,263,146,141.5709,40.2705,Light rice,Iwate Prefecture
金ヶ崎,岩手県,252,173,141.0118,39.1979,Kanegasaki,Iwate Prefecture
釜石,岩手県,269,171,141.8233,39.2741,Kamaishi,Iwate Prefecture
陸前高田,岩手県,263,177,141.532,39.0307,Rikuzentakata,Iwate Prefecture
雫石,岩手県,251,162,140.9465,39.6436,Shizukuishi,Iwate Prefecture
仁多,島根県,91,270,133.0856,35.2235,Nita,Shimane Prefecture
伯太,島根県,94,269,133.2604,35.2963,Hakata,Shimane Prefecture
佐田,島根県,83,270,132.7223,35.2243,Sata,Shimane Prefecture
六日市,島根県,66,291,131.8925,34.3904,Muikaichi,Shimane Prefecture
加茂,島根県,87,267,132.8989,35.3422,Kamo,Shimane Prefecture
匹見,島根県,69,286,132.0122,34.5725,Hikimi,Shimane Prefecture
吉田,島根県,86,272,132.8558,35.1634,Yoshida,Shimane Prefecture
平田,島根県,85,265,132.8008,35.4259,Hirata,Shimane Prefecture
江津,島根県,75,276,132.3069,35.0087,Gotsu,Shimane Prefecture
石見,島根県,77,279,132.4208,34.8801,Iwami,Shimane Prefecture
美保関,島根県,95,262,133.3004,35.5579,Mihonoseki,Shimane Prefecture
美都,島根県,69,283,132.0402,34.694,Mito,Shimane Prefecture
羽須美,島根県,82,279,132.6396,34.8697,Hasumi,Shimane Prefecture
邑智,島根県,79,274,132.5308,35.0918,Ochi,Shimane Prefecture
金城,島根県,73,279,132.2026,34.8839,Kinjo,Shimane Prefecture
鹿島,島根県,89,263,133.0226,35.5232,Kashima,Shimane Prefecture
三原,広島県,90,291,133.0236,34.3736,Mihara,Hiroshima
佐伯,広島県,72,291,132.1611,34.3935,Saiki,Hiroshima
倉橋,広島県,79,297,132.5053,34.1161,Kurahashi,Hiroshima
口和,広島県,87,278,132.9123,34.9137,Kuchiwa,Hiroshima
吉田,広島県,82,284,132.6689,34.6629,Yoshida,Hiroshima
吉舎,広島県,88,283,132.9524,34.7016,Kisa,Hiroshima
呉,広島県,82,293,132.6411,34.2883,Wu,Hiroshima
大和,広島県,88,287,132.948,34.5482,Yamato,Hiroshima
広島,広島県,77,286,132.4295,34.581,Hiroshima,Hiroshima
広島南,広島県,77,290,132.3907,34.4122,Hiroshima Minami,Hiroshima
御調,広島県,92,288,133.1375,34.5183,Mitsugi,Hiroshima
戸河内,広島県,73,286,132.2326,34.5716,Togouchi,Hiroshima
東広島,広島県,85,289,132.7923,34.4572,Higashi Hiroshima,Hiroshima
沖美,広島県,77,295,132.4063,34.209,Okimi,Hiroshima
沼隈,広島県,96,291,133.3493,34.3785,Numakuma,Hiroshima
神石,広島県,92,280,133.1674,34.8225,Kamiishi,Hiroshima
神辺,広島県,98,287,133.4179,34.5566,Kannabe,Hiroshima
芸北,広島県,76,282,132.3794,34.7471,Geihoku,Hiroshima
井川,徳島県,107,300,133.8933,33.9997,Ikawa,Tokushima
徳島,徳島県,120,301,134.5337,33.9902,Tokushima,Tokushima
日和佐,徳島県,120,306,134.4994,33.7751,Hiwasa,Tokushima
木屋平,徳島県,112,303,134.1294,33.8778,Koyadaira,Tokushima
海南,徳島県,116,309,134.3156,33.6628,Hainan,Tokushima
貞光,徳島県,111,300,134.0918,34.0112,Sadamitsu,Tokushima
三崎,愛媛県,71,316,132.1157,33.3719,Misaki,Ehime Prefecture
丹原,愛媛県,90,303,133.0658,33.9023,Tanbara,Ehime Prefecture
伊方,愛媛県,75,313,132.3072,33.4719,Ikata,Ehime Prefecture
大洲,愛媛県,81,311,132.6011,33.5807,Ozu,Ehime Prefecture
宇和,愛媛県,79,314,132.5055,33.427,Uwa,Ehime Prefecture
宮窪,愛媛県,90,296,133.0581,34.1918,Miyakubo,Ehime Prefecture
新宮,愛媛県,102,302,133.6497,33.9154,Shingu,Ehime Prefecture
日吉,愛媛県,85,317,132.798,33.3348,Hiyoshi,Ehime Prefecture
柳谷,愛媛県,89,312,133.0016,33.5388,Yanagidani,Ehime Prefecture
河辺,愛媛県,84,313,132.748,33.5022,Riverside,Ehime Prefecture
津島,愛媛県,80,324,132.5552,33.0556,Tsushima,Ehime Prefecture
砥部,愛媛県,85,307,132.8032,33.7112,Tobe,Ehime Prefecture
西条,愛媛県,93,304,133.184,33.865,Saijo,Ehime Prefecture
作手,愛知県,179,277,137.4114,34.9512,Tsukude,Aichi prefecture
南知多,愛知県,169,282,136.9385,34.7401,Minamichita,Aichi prefecture
安城,愛知県,172,277,137.0568,34.9319,Anjo,Aichi prefecture
岡崎,愛知県,175,277,137.2377,34.9635,Okazaki,Aichi prefecture
常滑,愛知県,168,279,136.8763,34.8886,Tokoname,Aichi prefecture
幡豆,愛知県,173,281,137.1057,34.7884,Hazu,Aichi prefecture
新城,愛知県,180,278,137.4876,34.8976,Shinshiro,Aichi prefecture
旭,愛知県,179,270,137.4039,35.2194,Asahi,Aichi prefecture
春日井,愛知県,172,268,137.057,35.3059,Kasugai,Aichi prefecture
清洲,愛知県,167,270,136.8509,35.2177,Kiyosu,Aichi prefecture
渥美,愛知県,171,285,137.0419,34.6158,Atsumi,Aichi prefecture
設楽,愛知県,181,272,137.535,35.1543,Shitara,Aichi prefecture
豊根,愛知県,185,271,137.7268,35.184,Toyone,Aichi prefecture
豊橋,愛知県,178,284,137.3902,34.6643,Toyohashi,Aichi prefecture
豊橋北,愛知県,179,281,137.4393,34.7853,Toyohashi north,Aichi prefecture
足助,愛知県,177,272,137.3359,35.1392,Asuke,Aichi prefecture
長久手,愛知県,171,271,137.0474,35.1842,Nagakute,Aichi prefecture
額田,愛知県,177,278,137.2993,34.9189,Nakuda,Aichi prefecture
鳳来,愛知県,183,276,137.6243,35.0002,Horai,Aichi prefecture
上川,新潟県,219,213,139.3648,37.5438,Kamikawa,Niigata Prefecture
下田,新潟県,214,214,139.1279,37.5386,Shimoda,Niigata Prefecture
六日,新潟県,211,225,138.9951,37.0533,Six days,Niigata Prefecture
加茂,新潟県,212,211,139.0676,37.6527,Kamo,Niigata Prefecture
塩沢,新潟県,208,226,138.8521,37.0303,Shiozawa,Niigata Prefecture
妙高,新潟県,196,228,138.2594,36.9425,Myoko,Niigata Prefecture
妙高高原,新潟県,193,230,138.0966,36.8569,Myoko Plateau,Niigata Prefecture
川西,新潟県,206,222,138.744,37.1728,Kawanishi,Niigata Prefecture
朝日,新潟県,222,195,139.5486,38.2799,Asahi,Niigata Prefecture
村松,新潟県,216,210,139.261,37.6658,Muramatsu,Niigata Prefecture
津川,新潟県,221,210,139.4648,37.6708,Tsugawa,Niigata Prefecture
湯之谷,新潟県,211,221,138.9821,37.2239,Yunoya,Niigata Prefecture
湯沢,新潟県,207,231,138.7849,36.8114,Yuzawa,Niigata Prefecture
牧,新潟県,199,225,138.3966,37.0544,Maki,Niigata Prefecture
糸魚川,新潟県,188,228,137.848,36.9378,Itoigawa,Niigata Prefecture
聖籠,新潟県,217,203,139.2788,37.9759,Seiro,Niigata Prefecture
荒川,新潟県,220,199,139.4289,38.1327,Arakawa,Niigata Prefecture
長岡,新潟県,209,216,138.8876,37.4272,Nagaoka,Niigata Prefecture
関川,新潟県,222,199,139.5428,38.1313,Sekigawa,Niigata Prefecture
八王子,東京都,216,259,139.265,35.6701,Hachioji,Tokyo
府中,東京都,221,260,139.4704,35.6539,Fuchu,Tokyo
檜原南,東京都,214,259,139.1275,35.7017,Hibaraminami,Tokyo
江東,東京都,228,261,139.8125,35.6114,Koto,Tokyo
今市,栃木県,227,234,139.7694,36.7084,Imaichi,Tochigi Prefecture
大田原,栃木県,232,230,140.0225,36.8578,Otawara,Tochigi Prefecture
宇都宮,栃木県,229,238,139.8637,36.5595,Utsunomiya,Tochigi Prefecture
栗山東,栃木県,224,230,139.6459,36.8828,Kuriyama Higashi,Tochigi Prefecture
栗山西,栃木県,220,230,139.4534,36.8817,Kuriyama Nishi,Tochigi Prefecture
氏家,栃木県,231,234,139.9842,36.6959,Ujiie,Tochigi Prefecture
真岡,栃木県,230,240,139.9509,36.4458,Moka,Tochigi Prefecture
矢板,栃木県,228,230,139.8364,36.8625,Sheet pile,Tochigi Prefecture
粟野,栃木県,224,238,139.6154,36.5509,Awano,Tochigi Prefecture
芳賀,栃木県,233,238,140.0751,36.548,Haga,Tochigi Prefecture
藤原2,栃木県,225,227,139.6922,36.9853,Fujiwara 2,Tochigi Prefecture
馬頭,栃木県,235,233,140.1781,36.7342,Bato,Tochigi Prefecture
信楽,滋賀県,151,279,136.0316,34.853,Shigaraki,Shiga Prefecture
多賀,滋賀県,157,270,136.3599,35.2383,Taga,Shiga Prefecture
大津,滋賀県,147,270,135.8671,35.2482,Otsu,Shiga Prefecture
日野,滋賀県,155,277,136.261,34.9638,Hino,Shiga Prefecture
三角,熊本県,39,334,130.5584,32.6234,triangle,Kumamoto Prefecture
上,熊本県,46,344,130.9096,32.2209,Up,Kumamoto Prefecture
人吉,熊本県,43,344,130.7371,32.2054,Hitoyoshi,Kumamoto Prefecture
小国,熊本県,50,322,131.0629,33.122,Small country,Kumamoto Prefecture
新和,熊本県,32,342,130.1811,32.3151,Shinwa,Kumamoto Prefecture
水俣,熊本県,35,345,130.3647,32.1704,Minamata,Kumamoto Prefecture
泉,熊本県,46,337,130.9046,32.4901,Izumi,Kumamoto Prefecture
波野,熊本県,53,326,131.2207,32.9553,Namino,Kumamoto Prefecture
玉名,熊本県,39,325,130.5608,32.9873,Tamana,Kumamoto Prefecture
白水,熊本県,50,330,131.101,32.8114,White water,Kumamoto Prefecture
益城,熊本県,45,330,130.8199,32.7967,Mashiki,Kumamoto Prefecture
矢部,熊本県,49,333,131.0251,32.6501,Yabe,Kumamoto Prefecture
芦北,熊本県,40,342,130.5777,32.2918,Ashikita,Kumamoto Prefecture
菊池,熊本県,45,325,130.8301,32.9984,Kikuchi,Kumamoto Prefecture
豊野,熊本県,43,334,130.7521,32.6345,Toyono,Kumamoto Prefecture
阿蘇,熊本県,49,326,131.0199,32.9514,Aso,Kumamoto Prefecture
鹿北,熊本県,42,322,130.6949,33.1089,Kakita,Kumamoto Prefecture
内浦,石川県,175,218,137.2436,37.3458,Uchiura,Ishikawa Prefecture
富来,石川県,165,222,136.7176,37.1902,Togi,Ishikawa Prefecture
尾口,石川県,165,245,136.7168,36.2667,Oguchi,Ishikawa Prefecture
志賀,石川県,167,225,136.8206,37.0533,Shiga,Ishikawa Prefecture
柳田,石川県,171,218,137.0413,37.3644,Yanagita,Ishikawa Prefecture
津幡,石川県,166,233,136.7906,36.738,Tsubata,Ishikawa Prefecture
珠洲,石川県,176,214,137.2844,37.5266,Suzu,Ishikawa Prefecture
穴水,石川県,170,221,136.9689,37.2224,Anamizu,Ishikawa Prefecture
金沢,石川県,163,239,136.6357,36.515,Kanazawa,Ishikawa Prefecture
厚木,神奈川県,218,266,139.3539,35.404,Atsugi,Kanagawa Prefecture
山北中,神奈川県,212,266,139.0436,35.4173,Yamakita,Kanagawa Prefecture
山北南,神奈川県,213,267,139.091,35.3583,Yamakita South,Kanagawa Prefecture
松田,神奈川県,214,267,139.126,35.3663,Matsuda,Kanagawa Prefecture
横浜,神奈川県,222,264,139.5195,35.4991,Yokohama,Kanagawa Prefecture
清川,神奈川県,215,264,139.2146,35.4628,Kiyokawa,Kanagawa Prefecture
葉山,神奈川県,224,269,139.611,35.2624,Hayama,Kanagawa Prefecture
藤野,神奈川県,214,260,139.1283,35.6437,Fujino,Kanagawa Prefecture
三方,福井県,147,262,135.8694,35.5587,Three sides,Fukui prefecture
和泉,福井県,164,253,136.699,35.9415,Izumi,Fukui prefecture
小浜,福井県,145,265,135.7266,35.4573,Obama,Fukui prefecture
敦賀,福井県,151,260,136.0303,35.639,Tsuruga,Fukui prefecture
永平寺,福井県,157,249,136.3617,36.0955,Eiheiji Temple,Fukui prefecture
織田,福井県,151,253,136.0556,35.9483,Oda,Fukui prefecture
高浜,福井県,140,264,135.4841,35.4907,Takahama,Fukui prefecture
北九州,福岡県,48,303,130.9798,33.8849,Kitakyushu,Fukuoka Prefecture
嘉穂,福岡県,43,311,130.7451,33.5512,Kaho,Fukuoka Prefecture
大刀洗,福岡県,41,316,130.6354,33.3678,Tachiarai,Fukuoka Prefecture
宇美,福岡県,39,311,130.5499,33.5608,Umi,Fukuoka Prefecture
小石原,福岡県,45,313,130.8285,33.4654,Koishiwara,Fukuoka Prefecture
浮羽,福岡県,45,318,130.817,33.2891,Ukiha,Fukuoka Prefecture
犀川,福岡県,47,312,130.9503,33.5293,Sai River,Fukuoka Prefecture
玄海,福岡県,39,304,130.5432,33.8501,Genkai,Fukuoka Prefecture
若宮,福岡県,40,308,130.5963,33.6963,Wakamiya,Fukuoka Prefecture
豊前,福岡県,51,310,131.1348,33.5925,Buzen,Fukuoka Prefecture
いわき東,福島県,251,226,140.9702,37.0264,Iwaki East,Fukushima Prefecture
いわき西,福島県,243,227,140.5853,36.9951,Iwaki west,Fukushima Prefecture
三春,福島県,242,215,140.538,37.4894,Miharu,Fukushima Prefecture
下郷,福島県,229,220,139.8725,37.2544,Shimogo,Fukushima Prefecture
伊南,福島県,222,222,139.5199,37.1723,Ina,Fukushima Prefecture
会津高田,福島県,228,216,139.8126,37.4508,Aizu Takada,Fukushima Prefecture
只見,福島県,218,218,139.3147,37.3421,Tadami,Fukushima Prefecture
川俣,福島県,244,210,140.5974,37.6636,Kawamata,Fukushima Prefecture
平田,福島県,243,221,140.5703,37.2169,Hirata,Fukushima Prefecture
檜枝岐,福島県,219,226,139.3755,37.0103,Hinoemata,Fukushima Prefecture
浪江,福島県,252,215,140.9871,37.4911,Namie,Fukushima Prefecture
熱塩加納,福島県,229,209,139.8821,37.7317,Atsushiokano,Fukushima Prefecture
猪苗代,福島県,235,211,140.1735,37.6461,Inawashiro,Fukushima Prefecture
矢吹,福島県,238,222,140.3386,37.2006,Yabuki,Fukushima Prefecture
福島,福島県,239,208,140.3766,37.7643,Fukushima,Fukushima Prefecture
西会津,福島県,226,208,139.715,37.7565,Nishiaizu,Fukushima Prefecture
西郷,福島県,233,223,140.093,37.1616,Saigo,Fukushima Prefecture
郡山,福島県,240,218,140.4264,37.353,Koriyama,Fukushima Prefecture
都路,福島県,246,215,140.7227,37.4703,City road,Fukushima Prefecture
長沼,福島県,236,220,140.2144,37.2822,Naganuma,Fukushima Prefecture
高郷,福島県,226,212,139.7533,37.6078,Takago,Fukushima Prefecture
中仙,秋田県,244,164,140.6116,39.5575,Nakasen,Akita
五城目,秋田県,236,155,140.2221,39.9155,Gojome,Akita
協和,秋田県,240,161,140.4075,39.6884,Kyowa,Akita
大森,秋田県,239,169,140.3869,39.3548,Omori,Akita
大館,秋田県,243,146,140.5812,40.3002,Odate,Akita
小坂,秋田県,249,142,140.8395,40.4563,Kosaka,Akita
東成瀬,秋田県,246,173,140.7129,39.174,Higashinaruse,Akita
湯沢,秋田県,241,173,140.471,39.1913,Yuzawa,Akita
田代,秋田県,241,146,140.4596,40.2755,Tashiro,Akita
男鹿,秋田県,227,154,139.7623,39.9554,Oga,Akita
矢島,秋田県,234,172,140.1283,39.2223,Yajima,Akita
藤里,秋田県,236,145,140.2341,40.3188,Fujisato,Akita
西仙北,秋田県,239,164,140.3481,39.545,Nishisenboku,Akita
西木北,秋田県,243,158,140.579,39.8147,Nishiki north,Akita
西木南,秋田県,243,161,140.5721,39.6634,Nishiki Minami,Akita
阿仁,秋田県,240,154,140.4072,39.9819,Ani,Akita
雄勝,秋田県,242,178,140.4952,38.9801,Ogatsu,Akita
烏海,秋田県,238,176,140.3185,39.0718,Wuhai,Akita
鹿角,秋田県,248,152,140.8084,40.0622,Kazuno,Akita
みどり,群馬県,218,239,139.3219,36.4931,Green,Gunma Prefecture
下仁田,群馬県,206,245,138.7291,36.2356,Shimonita,Gunma Prefecture
伊勢崎,群馬県,215,244,139.1847,36.3143,Isesaki,Gunma Prefecture
利根,群馬県,215,234,139.2104,36.6998,Tone,Gunma Prefecture
嬬恋,群馬県,201,239,138.5244,36.4917,Tsumagoi,Gunma Prefecture
富岡,群馬県,209,244,138.921,36.2862,Tomioka,Gunma Prefecture
水上2,群馬県,212,230,139.0627,36.862,Water 2,Gunma Prefecture
神流,群馬県,209,248,138.9129,36.144,Kanna,Gunma Prefecture
館林,群馬県,222,245,139.5443,36.2441,Tatebayashi,Gunma Prefecture
高山,群馬県,209,236,138.9068,36.6212,Takayama,Gunma Prefecture
つくば,茨城県,233,246,140.0893,36.2137,Tsukuba,Ibaraki Prefecture
つくば南,茨城県,234,252,140.105,35.9814,Tsukuba South,Ibaraki Prefecture
ひたちなか,茨城県,244,242,140.6198,36.3631,Hitachinaka,Ibaraki Prefecture
北茨城2,茨城県,245,230,140.6545,36.8809,Kitaibaraki 2,Ibaraki Prefecture
十王,茨城県,243,234,140.5484,36.6922,Ten Kings,Ibaraki Prefecture
大子,茨城県,238,231,140.3181,36.8369,Daigo,Ibaraki Prefecture
大洋,茨城県,243,248,140.5621,36.1188,Ocean,Ibaraki Prefecture
山方,茨城県,240,236,140.3976,36.6405,Yamagata,Ibaraki Prefecture
岩瀬,茨城県,234,242,140.1401,36.3701,Iwase,Ibaraki Prefecture
常北,茨城県,239,240,140.3559,36.439,Tsunekita,Ibaraki Prefecture
御前山,茨城県,238,238,140.3013,36.5566,Gozenyama,Ibaraki Prefecture
江戸崎,茨城県,238,252,140.3301,35.9521,Edosaki,Ibaraki Prefecture
波崎2,茨城県,246,255,140.7323,35.8284,Hasaki 2,Ibaraki Prefecture
石下,茨城県,231,249,139.9889,36.1112,Ishige,Ibaraki Prefecture
霞ヶ浦,茨城県,238,249,140.314,36.0864,Kasumigaura,Ibaraki Prefecture
高萩,茨城県,243,232,140.575,36.7955,Takahagi,Ibaraki Prefecture
佐世保北,長崎県,23,320,129.7652,33.2122,Sasebo Kita,Nagasaki Prefecture
佐世保南,長崎県,24,322,129.8102,33.1256,Sasebo Minami,Nagasaki Prefecture
平戸,長崎県,16,320,129.4353,33.2116,Hirado,Nagasaki Prefecture
琴海,長崎県,24,326,129.8026,32.9553,Kinkai,Nagasaki Prefecture
長崎,長崎県,25,332,129.8625,32.6999,Nagasaki,Nagasaki Prefecture
高来,長崎県,31,327,130.1408,32.9103,Takaki,Nagasaki Prefecture
三郷,長野県,188,245,137.8591,36.2541,Misato,Nagano Prefecture
上山田,長野県,194,240,138.1474,36.4663,Kamiyamada,Nagano Prefecture
上松,長野県,185,256,137.7173,35.787,Agematsu,Nagano Prefecture
中野,長野県,198,233,138.376,36.7434,Nakano,Nagano Prefecture
伊那,長野県,189,255,137.9236,35.8315,Ina,Nagano Prefecture
佐久,長野県,202,248,138.5504,36.1425,Saku,Nagano Prefecture
信州新,長野県,192,237,138.0479,36.577,Shinshu Shin,Nagano Prefecture
南信濃,長野県,189,268,137.9268,35.2986,Minamishinano,Nagano Prefecture
南木曽,長野県,183,261,137.6105,35.6056,Nagiso,Nagano Prefecture
南牧,長野県,201,252,138.4797,35.9696,Nammoku,Nagano Prefecture
喬木,長野県,188,263,137.8767,35.5143,Takagi,Nagano Prefecture
塩尻,長野県,190,248,137.9389,36.1184,Shiojiri,Nagano Prefecture
大町中,長野県,187,238,137.8201,36.5327,In Omachi,Nagano Prefecture
奈川,長野県,184,250,137.6849,36.064,Nagawa,Nagano Prefecture
富士見,長野県,197,253,138.3052,35.9157,Fujimi,Nagano Prefecture
川上,長野県,203,252,138.5845,35.9735,Kawakami,Nagano Prefecture
平谷,長野県,183,268,137.6261,35.3095,Hiraya,Nagano Prefecture
御代田,長野県,201,243,138.4967,36.3308,Miyota,Nagano Prefecture
戸隠,長野県,193,234,138.0964,36.7075,Togakushi,Nagano Prefecture
木祖,長野県,186,252,137.7669,35.9632,Kiso,Nagano Prefecture
松川,長野県,188,261,137.8797,35.6152,Matsukawa,Nagano Prefecture
松本,長野県,191,245,137.9898,36.2578,Matsumoto,Nagano Prefecture
武石,長野県,196,244,138.2491,36.2859,Takeishi,Nagano Prefecture
生坂,長野県,190,240,137.9637,36.4598,Ikusaka,Nagano Prefecture
白馬,長野県,188,234,137.8482,36.6984,Hakuba,Nagano Prefecture
穂高,長野県,187,242,137.8201,36.3824,Hotaka,Nagano Prefecture
茅野,長野県,195,253,138.1848,35.9465,Chino,Nagano Prefecture
辰野,長野県,189,251,137.9305,36.0088,Tatsuno,Nagano Prefecture
野沢温泉,長野県,200,229,138.4408,36.9102,Nozawa Onsen,Nagano Prefecture
長谷,長野県,192,256,138.0824,35.7946,Hase,Nagano Prefecture
開田,長野県,183,253,137.595,35.9324,Kaida,Nagano Prefecture
阿智2,長野県,185,264,137.7346,35.4786,Achi 2,Nagano Prefecture
飯田,長野県,191,265,138.0058,35.4489,Iida,Nagano Prefecture
佐井,青森県,249,119,140.8567,41.4049,Sai,Aomori Prefecture
八戸,青森県,261,139,141.4451,40.5794,Hachinohe,Aomori Prefecture
六ヶ所,青森県,259,129,141.3738,40.9664,Rokkasho,Aomori Prefecture
十和田湖東,青森県,255,139,141.1547,40.5846,Towada Koto,Aomori Prefecture
十和田湖西,青森県,252,139,140.995,40.58,Towada Kosai,Aomori Prefecture
名川,青森県,259,142,141.3374,40.4492,Nakawa,Aomori Prefecture
大間,青森県,250,116,140.9127,41.5273,Oma,Aomori Prefecture
大鰐,青森県,243,141,140.5565,40.4841,Owani,Aomori Prefecture
岩木,青森県,239,138,140.3499,40.6199,Iwaki,Aomori Prefecture
川内,青森県,252,123,140.9896,41.234,Kawauchi,Aomori Prefecture
新郷,青森県,254,142,141.0923,40.4624,Shingo,Aomori Prefecture
深浦,青森県,232,135,140.0233,40.7451,Fukaura,Aomori Prefecture
田子,青森県,252,146,141.0145,40.2962,Takko,Aomori Prefecture
西目屋,青森県,237,140,140.2726,40.5488,Nishimeya,Aomori Prefecture
野辺地,青森県,254,132,141.1033,40.8564,Noheji,Aomori Prefecture
青森,青森県,245,132,140.6759,40.8524,Aomori,Aomori Prefecture
鰺ヶ沢,青森県,238,134,140.3121,40.7618,Ajigasawa,Aomori Prefecture
黒石,青森県,245,138,140.6646,40.6091,Kuroishi,Aomori Prefecture
伊東中,静岡県,213,277,139.0855,34.9467,Itochu,Shizuoka Prefecture
修善寺,静岡県,209,276,138.9128,34.9756,Shuzenji,Shizuoka Prefecture
函南,静岡県,211,274,138.9779,35.0854,Kannami,Shizuoka Prefecture
初島2,静岡県,215,275,139.1685,35.0417,Hatsushima 2,Shizuoka Prefecture
南伊豆,静岡県,208,284,138.834,34.6749,Minamiizu,Shizuoka Prefecture
川根,静岡県,192,277,138.0767,34.9398,Kawane,Shizuoka Prefecture
引佐,静岡県,184,280,137.6616,34.8343,Inasa,Shizuoka Prefecture
掛川3,静岡県,191,279,138.0174,34.8768,Kakegawa 3,Shizuoka Prefecture
新居,静岡県,182,283,137.5604,34.6913,New house,Shizuoka Prefecture
水窪北,静岡県,189,270,137.9181,35.2233,Mizukubo north,Shizuoka Prefecture
河津,静岡県,210,281,138.97,34.7832,Kawazu,Shizuoka Prefecture
浜松,静岡県,186,284,137.7441,34.6683,Hamamatsu,Shizuoka Prefecture
清水北,静岡県,199,273,138.4243,35.1304,Shimizu Kita,Shizuoka Prefecture
清水南,静岡県,201,276,138.4924,34.9739,Shimizu Minami,Shizuoka Prefecture
芝川,静岡県,202,271,138.5659,35.2028,Shiba River,Shizuoka Prefecture
藤枝,静岡県,195,278,138.2008,34.9142,Fujieda,Shizuoka Prefecture
袋井,静岡県,189,281,137.9034,34.7948,Fukuroi,Shizuoka Prefecture
西伊豆西,静岡県,206,281,138.7724,34.7988,Nishiizu west,Shizuoka Prefecture
静岡北,静岡県,195,268,138.1973,35.307,Shizuoka Kita,Shizuoka Prefecture
静岡南,静岡県,198,275,138.3526,35.0146,Shizuoka Minami,Shizuoka Prefecture
龍山東,静岡県,188,276,137.8409,35.0086,Long Shandong,Shizuoka Prefecture
三木,香川県,112,294,134.1482,34.27,Miki,Kagawa Prefecture
三野,香川県,103,295,133.7081,34.198,Mino,Kagawa Prefecture
内海,香川県,116,289,134.3241,34.4572,Utsumi,Kagawa Prefecture
大内,香川県,116,295,134.3043,34.2264,Ouchi,Kagawa Prefecture
綾上,香川県,108,295,133.9493,34.2186,Ayakami,Kagawa Prefecture
中村,高知県,88,323,132.9524,33.0754,Nakamura,Kochi Prefecture
伊野,高知県,98,312,133.4388,33.5313,Ino,Kochi Prefecture
北川,高知県,112,312,134.1197,33.5421,Kitagawa,Kochi Prefecture
吾北,高知県,96,308,133.3641,33.7079,Wubei,Kochi Prefecture
土佐清水,高知県,88,330,132.9718,32.7797,Tosashimizu,Kochi Prefecture
大月,高知県,83,329,132.7066,32.8414,Otsuki,Kochi Prefecture
大正,高知県,89,318,132.9891,33.2683,Taisho,Kochi Prefecture
室戸,高知県,113,318,134.1603,33.2866,Muroto,Kochi Prefecture
本山,高知県,101,306,133.576,33.7543,Motoyama,Kochi Prefecture
池川,高知県,92,309,133.1444,33.6472,Ikegawa,Kochi Prefecture
芸西,高知県,106,312,133.8192,33.5294,Geisei,Kochi Prefecture
須崎,高知県,95,315,133.2866,33.392,Susaki,Kochi Prefecture
香北,高知県,106,308,133.8243,33.6748,Xiangbei,Kochi Prefecture
岩美,鳥取県,116,262,134.3426,35.5729,Iwami,Tottori prefecture
日野,鳥取県,97,270,133.3909,35.2313,Hino,Tottori prefecture
智頭,鳥取県,114,269,134.2173,35.2604,Chizu,Tottori prefecture
河原,鳥取県,113,266,134.1988,35.3946,Kawahara,Tottori prefecture
溝口,鳥取県,99,267,133.4918,35.3553,Mizonokuchi,Tottori prefecture
赤碕,鳥取県,102,264,133.6307,35.4668,Akagi,Tottori prefecture
関金,鳥取県,104,267,133.7486,35.3649,Sekikin,Tottori prefecture
佐多,鹿児島県,42,372,130.699,31.0899,Sata,Kagoshima prefecture
内之浦,鹿児島県,50,368,131.0877,31.2583,Uchinoura,Kagoshima prefecture
大隅,鹿児島県,48,360,130.9969,31.5618,Osumi,Kagoshima prefecture
姶良,鹿児島県,40,356,130.6149,31.714,Aira,Kagoshima prefecture
宮之城,鹿児島県,37,350,130.4438,31.9812,Miyanojo,Kagoshima prefecture
山川,鹿児島県,41,369,130.6183,31.2066,Yamakawa,Kagoshima prefecture
川内,鹿児島県,35,353,130.3602,31.8374,Kawauchi,Kagoshima prefecture
知覧,鹿児島県,37,365,130.4333,31.3741,Chiran,Kagoshima prefecture
祁答院,鹿児島県,38,353,130.4958,31.8699,Kedoin,Kagoshima prefecture
郡山,鹿児島県,37,357,130.4594,31.6988,Koriyama,Kagoshima prefecture
長島,鹿児島県,30,346,130.1191,32.1554,Long Island,Kagoshima prefecture
阿久根,鹿児島県,32,350,130.2077,31.994,Akune,Kagoshima prefecture
鹿屋,鹿児島県,45,364,130.8541,31.4005,Kanoya,Kagoshima prefecture
